{"cameraMode":{"drawMode":0,"name":"Shaded","section":"Shading Mode"},"sceneLighting":true,"audioPlay":false,"sceneViewState":{"showFog":false,"showMaterialUpdate":false,"showSkybox":false,"showFlares":false,"showImageEffects":false,"showParticleSystems":false},"in2DMode":false,"pivot":{"x":-3.009999990463257,"y":2.3499999046325685,"z":0.0},"rotation":{"x":0.19279775023460389,"y":-0.38978853821754458,"z":0.08381820470094681,"w":0.8965871334075928},"size":2.8578836917877199,"orthographic":false}