{"cameraMode":{"drawMode":0,"name":"Shaded","section":"Shading Mode"},"sceneLighting":true,"audioPlay":false,"sceneViewState":{"showFog":false,"showMaterialUpdate":false,"showSkybox":false,"showFlares":false,"showImageEffects":false,"showParticleSystems":false},"in2DMode":false,"pivot":{"x":-0.8057008385658264,"y":0.9734526872634888,"z":-6.452759742736816},"rotation":{"x":-0.023228919133543969,"y":-0.7161937952041626,"z":0.02386489510536194,"w":-0.6971064209938049},"size":8.58008861541748,"orthographic":false}