{"cameraMode":{"drawMode":0,"name":"Shaded","section":"Shading Mode"},"sceneLighting":false,"audioPlay":false,"sceneViewState":{"showFog":false,"showMaterialUpdate":false,"showSkybox":false,"showFlares":false,"showImageEffects":false,"showParticleSystems":false},"in2DMode":false,"pivot":{"x":-0.23999999463558198,"y":2.930000066757202,"z":-0.10000000149011612},"rotation":{"x":0.7217574715614319,"y":0.008283630944788456,"z":-0.008683033287525177,"w":0.692064106464386},"size":4.401676177978516,"orthographic":false}