{"cameraMode":{"drawMode":0,"name":"Shaded","section":"Shading Mode"},"sceneLighting":false,"audioPlay":false,"sceneViewState":{"showFog":false,"showMaterialUpdate":false,"showSkybox":false,"showFlares":false,"showImageEffects":false,"showParticleSystems":false},"in2DMode":false,"pivot":{"x":-4.1185302734375,"y":2.656890869140625,"z":-0.427734375},"rotation":{"x":-0.29789790511131289,"y":0.19995363056659699,"z":0.0639548972249031,"w":0.9312517046928406},"size":29.600053787231447,"orthographic":true}